firstname,lastname,username,email,address,address 2,country,state,zip,payment,namecard,creditcard,expiration,cvv
Ashley,Williams,lisacummings,katielopez@gmail.com,77629 Vaughan Shores Suite 971,Suite 505,Senegal,Pennsylvania,28090150,debit,Ashley Williams,30055553798297,08/32/2034,928
John,King,deanna04,tsmith@lara.org,97414 Chan Crescent,Suite 539,Turks and Caicos Islands,Texas,28090150,debit,John King,"3,52906E+15",08/32/2035,356
Danielle,Calderon,robertjones,peckcrystal@hotmail.com,03001 James Cove Apt. 959,Apt. 396,Netherlands Antilles,Georgia,28090150,debit,Danielle Calderon,3518107362750715,08/32/2036,358
Allen,Cole,lsmith,michaelfoster@page-brown.com,04061 Rojas Station,Suite 348,Uganda,Iowa,28090150,debit,Allen Cole,4579867990524,08/32/2037,177
Jill,Smith,mccoypamela,gbutler@key.com,40864 Michele Lock,Apt. 450,Algeria,Nebraska,28090150,debit,Jill Smith,30492465718321,08/32/2038,899
Karen,Mercer,mdavis,derekjones@morales.com,9572 Kristine Valleys Suite 007,Suite 503,France,Iowa,28090150,debit,Karen Mercer,4685333963606073,08/32/2039,284
Jeffrey,Ashley,robertayala,cesarbriggs@hotmail.com,990 Mary Plaza Suite 584,Apt. 637,Saint Kitts and Nevis,Massachusetts,28090150,debit,Jeffrey Ashley,4467977335600224,08/32/2040,136
Kathleen,Bailey,mckenzie16,nathanielfreeman@mercer.com,592 Benson Passage Apt. 614,Apt. 204,Iceland,Vermont,28090150,debit,Kathleen Bailey,4543694289526499566,08/32/2041,733
Donna,Smith,bmelendez,virginiaosborne@yahoo.com,78452 David Square,Suite 057,Bangladesh,West Virginia,28090150,debit,Donna Smith,"3,53763E+15",08/32/2042,275
Sabrina,Ray,osbornchristopher,montgomerybryan@brown-perez.net,2414 Hernandez Knoll,Suite 221,Mali,Mississippi,28090150,debit,Sabrina Ray,"3,52451E+15",08/32/2043,677
Erik,Hines,brownchristine,perryalbert@gmail.com,83214 Trevor Meadows Suite 601,Apt. 577,Norfolk Island,New Mexico,28090150,debit,Erik Hines,4539950787489143,08/32/2044,47
Kaitlyn,Perry,courtneywalsh,poolerobert@gmail.com,64659 Kimberly Inlet Suite 240,Suite 323,Guyana,Vermont,28090150,debit,Kaitlyn Perry,6562804158744179,08/32/2045,369
Robert,Fisher,erica13,teresaingram@hotmail.com,078 Young Manor Apt. 916,Apt. 920,Liechtenstein,Utah,28090150,debit,Robert Fisher,4156089236055742,08/32/2046,495
David,Jenkins,zmatthews,eduardo55@moore-scott.com,193 Pamela Locks Apt. 697,Suite 498,Zambia,Texas,28090150,debit,David Jenkins,3574764052603827,08/32/2047,557
Tyrone,Brown,phillipreeves,cheryl95@hotmail.com,584 Thomas Prairie Suite 816,Suite 601,Singapore,Oregon,28090150,debit,Tyrone Brown,4213300925410034706,08/32/2048,474
Nicholas,Mcdonald,jennifer55,ukaiser@hotmail.com,80962 Daniel Causeway Apt. 475,Apt. 844,Heard Island and McDonald Islands,South Carolina,28090150,debit,Nicholas Mcdonald,4609821112822562546,08/32/2049,10
Ellen,Munoz,donaldthompson,riddlejoseph@richardson.info,31736 Brittany Neck Apt. 291,Apt. 386,Kyrgyz Republic,Michigan,28090150,debit,Ellen Munoz,4680274722029,08/32/2050,813
Adrienne,Raymond,hansenrobin,levans@yahoo.com,15383 Rodriguez Squares,Suite 290,Brazil,Idaho,28090150,debit,Adrienne Raymond,676382886304,08/32/2051,70
Jon,Contreras,nelsonalex,armstrongkathleen@gmail.com,98852 Zimmerman Parkway,Apt. 646,Monaco,Rhode Island,28090150,debit,Jon Contreras,4140878116575310233,08/32/2052,904
Shelly,Williams,xphillips,sarah11@hotmail.com,6150 Anna Harbors Apt. 088,Suite 473,Myanmar,Indiana,28090150,debit,Shelly Williams,348576284869070,08/32/2053,206
Brenda,Pena,susanmoore,ellen91@hotmail.com,49124 Todd Run,Apt. 118,Albania,New York,28090150,debit,Brenda Pena,6011328035419562,08/32/2054,686
Wendy,Ramirez,cthompson,shawmark@gmail.com,3317 Payne Forges Suite 202,Apt. 829,Vietnam,Delaware,28090150,debit,Wendy Ramirez,4672685253488,08/32/2055,995
Gina,Young,kwall,charlesnewton@li.com,339 Justin Dam Suite 707,Suite 441,Netherlands,Louisiana,28090150,debit,Gina Young,"6,52488E+15",08/32/2056,305
Julie,Wagner,vmcintyre,hwong@payne.info,849 Hall Harbor Suite 264,Apt. 780,Isle of Man,South Carolina,28090150,debit,Julie Wagner,180093580578257,08/32/2057,771
Jason,Ramirez,gsmith,keithmalone@yahoo.com,292 Charles Camp Suite 905,Apt. 042,Guadeloupe,South Carolina,28090150,debit,Jason Ramirez,3595793072852341,08/32/2058,962
Briana,Burnett,robertagonzalez,cindy05@wood.org,27380 Dean Causeway Suite 976,Apt. 948,Niue,Wyoming,28090150,debit,Briana Burnett,3591759596024372,08/32/2059,563
Monique,Salazar,jjones,fwilliams@meyers-nelson.org,73233 Dunn Cape,Apt. 337,Poland,California,28090150,debit,Monique Salazar,3503948073116986,08/32/2060,258
Brandon,Wilson,bwallace,james95@gmail.com,2977 Julian View,Suite 712,Costa Rica,Pennsylvania,28090150,debit,Brandon Wilson,343440345086114,08/32/2061,958
Jennifer,Ramirez,phall,amyhernandez@riley.org,858 Cheryl Haven,Apt. 082,Cameroon,New Mexico,28090150,debit,Jennifer Ramirez,2224203789748676,08/32/2062,379
Sara,Cooper,woodelizabeth,wbarajas@lopez-rodriguez.com,909 Erica Crescent,Suite 881,Martinique,Vermont,28090150,debit,Sara Cooper,4568951873258,08/32/2063,189